ing_zafran,ing_zafranito
1.0,-0.011745286617514186
-0.011745286617514186,1.0
